[
  {
    "id": "APT-1001",
    "patient": "John Otieno",
    "doctor": "Dr. John Mwangi",
    "department": "Cardiology",
    "date": "2025-07-29",
    "time": "10:00 AM",
    "status": "Confirmed"
  },
  {
    "id": "APT-1002",
    "patient": "Mary Wanjiru",
    "doctor": "Dr. Mary Achieng",
    "department": "Pediatrics",
    "date": "2025-07-29",
    "time": "11:30 AM",
    "status": "Pending"
  },
  {
    "id": "APT-1003",
    "patient": "Brian Onyango",
    "doctor": "Dr. Kevin Otieno",
    "department": "General Practice",
    "date": "2025-07-30",
    "time": "09:00 AM",
    "status": "Confirmed"
  },
  {
    "id": "APT-1004",
    "patient": "Jane Chebet",
    "doctor": "Dr. Esther Njeri",
    "department": "Dermatology",
    "date": "2025-07-30",
    "time": "02:00 PM",
    "status": "Cancelled"
  },
  {
    "id": "APT-1005",
    "patient": "Samuel Mutua",
    "doctor": "Dr. Samuel Kiptoo",
    "department": "Orthopedics",
    "date": "2025-07-31",
    "time": "01:00 PM",
    "status": "Pending"
  },
  {
    "id": "APT-1006",
    "patient": "Ann Akinyi",
    "doctor": "Dr. Lucy Wambui",
    "department": "Gynecology",
    "date": "2025-07-31",
    "time": "09:30 AM",
    "status": "Confirmed"
  },
  {
    "id": "APT-1007",
    "patient": "Lucy Atieno",
    "doctor": "Dr. Peter Omondi",
    "department": "Neurology",
    "date": "2025-08-01",
    "time": "10:30 AM",
    "status": "Confirmed"
  },
  {
    "id": "APT-1008",
    "patient": "Esther Njeri",
    "doctor": "Dr. Anita Kendi",
    "department": "Dentistry",
    "date": "2025-08-01",
    "time": "12:00 PM",
    "status": "Pending"
  },
  {
    "id": "APT-1009",
    "patient": "Kevin Kiptoo",
    "doctor": "Dr. Brian Mutua",
    "department": "Radiology",
    "date": "2025-08-02",
    "time": "11:00 AM",
    "status": "Confirmed"
  },
  {
    "id": "APT-1010",
    "patient": "Dennis Mwangi",
    "doctor": "Dr. Sharon Akinyi",
    "department": "Psychiatry",
    "date": "2025-08-02",
    "time": "03:00 PM",
    "status": "Pending"
  }
]
