[
  {
    "invoiceId": "INV-2001",
    "patient": "John Otieno",
    "service": "Consultation",
    "amount": 1500,
    "status": "Paid",
    "date": "2025-07-25"
  },
  {
    "invoiceId": "INV-2002",
    "patient": "Mary Wanjiru",
    "service": "X-Ray",
    "amount": 2500,
    "status": "Pending",
    "date": "2025-07-26"
  },
  {
    "invoiceId": "INV-2003",
    "patient": "Brian Onyango",
    "service": "Blood Test",
    "amount": 1200,
    "status": "Paid",
    "date": "2025-07-24"
  },
  {
    "invoiceId": "INV-2004",
    "patient": "Jane Chebet",
    "service": "Admission Fee",
    "amount": 5000,
    "status": "Pending",
    "date": "2025-07-23"
  },
  {
    "invoiceId": "INV-2005",
    "patient": "Samuel Mutua",
    "service": "MRI Scan",
    "amount": 7000,
    "status": "Paid",
    "date": "2025-07-22"
  },
  {
    "invoiceId": "INV-2006",
    "patient": "Ann Akinyi",
    "service": "Ultrasound",
    "amount": 3000,
    "status": "Pending",
    "date": "2025-07-21"
  },
  {
    "invoiceId": "INV-2007",
    "patient": "Lucy Atieno",
    "service": "Surgery Fee",
    "amount": 15000,
    "status": "Paid",
    "date": "2025-07-20"
  },
  {
    "invoiceId": "INV-2008",
    "patient": "Esther Njeri",
    "service": "Medication",
    "amount": 1800,
    "status": "Paid",
    "date": "2025-07-19"
  },
  {
    "invoiceId": "INV-2009",
    "patient": "Kevin Kiptoo",
    "service": "Physiotherapy",
    "amount": 2200,
    "status": "Pending",
    "date": "2025-07-18"
  },
  {
    "invoiceId": "INV-2010",
    "patient": "Dennis Mwangi",
    "service": "Lab Tests",
    "amount": 2500,
    "status": "Paid",
    "date": "2025-07-17"
  }
]
