{
  "hospitalName": "Salee HMS",
  "location": "Pipeline, Nairobi",
  "stats": {
    "patients": 120,
    "doctors": 15,
    "appointmentsToday": 25,
    "pendingBills": 12,
    "labTests": 40,
    "medications": 250
  },
  "modules": [
    {"name": "Patients", "link": "patients.html", "icon": "🧑‍⚕️"},
    {"name": "Doctors", "link": "doctors.html", "icon": "👨‍⚕️"},
    {"name": "Billing", "link": "billing.html", "icon": "💳"},
    {"name": "Pharmacy", "link": "pharmacy.html", "icon": "🏪"},
    {"name": "Lab Tests", "link": "labtests.html", "icon": "🧪"},
    {"name": "Rooms", "link": "rooms.html", "icon": "🏥"}
  ]
}
