[
  {
    "id": "D-1001",
    "name": "Dr. John Mwangi",
    "specialty": "Cardiologist",
    "phone": "0712345678",
    "email": "john.mwangi@salee.com",
    "schedule": "Mon-Fri 9AM-4PM"
  },
  {
    "id": "D-1002",
    "name": "Dr. Mary Achieng",
    "specialty": "Pediatrician",
    "phone": "0723456789",
    "email": "mary.achieng@salee.com",
    "schedule": "Mon-Sat 8AM-2PM"
  },
  {
    "id": "D-1003",
    "name": "Dr. Kevin Otieno",
    "specialty": "General Practitioner",
    "phone": "0701122334",
    "email": "kevin.otieno@salee.com",
    "schedule": "Mon-Fri 10AM-5PM"
  },
  {
    "id": "D-1004",
    "name": "Dr. Esther Njeri",
    "specialty": "Dermatologist",
    "phone": "0711223344",
    "email": "esther.njeri@salee.com",
    "schedule": "Tue-Sat 9AM-3PM"
  },
  {
    "id": "D-1005",
    "name": "Dr. Samuel Kiptoo",
    "specialty": "Orthopedic Surgeon",
    "phone": "0798765432",
    "email": "samuel.kiptoo@salee.com",
    "schedule": "Mon-Wed 8AM-2PM"
  },
  {
    "id": "D-1006",
    "name": "Dr. Lucy Wambui",
    "specialty": "Gynecologist",
    "phone": "0709988776",
    "email": "lucy.wambui@salee.com",
    "schedule": "Mon-Fri 9AM-4PM"
  },
  {
    "id": "D-1007",
    "name": "Dr. Peter Omondi",
    "specialty": "Neurologist",
    "phone": "0722111222",
    "email": "peter.omondi@salee.com",
    "schedule": "Wed-Sun 10AM-6PM"
  },
  {
    "id": "D-1008",
    "name": "Dr. Anita Kendi",
    "specialty": "Dentist",
    "phone": "0703344556",
    "email": "anita.kendi@salee.com",
    "schedule": "Mon-Sat 8AM-5PM"
  },
  {
    "id": "D-1009",
    "name": "Dr. Brian Mutua",
    "specialty": "Radiologist",
    "phone": "0711445566",
    "email": "brian.mutua@salee.com",
    "schedule": "Mon-Fri 9AM-3PM"
  },
  {
    "id": "D-1010",
    "name": "Dr. Sharon Akinyi",
    "specialty": "Psychiatrist",
    "phone": "0733445566",
    "email": "sharon.akinyi@salee.com",
    "schedule": "Tue-Sat 11AM-6PM"
  }
]
