[
  {
    "id": "INV-1001",
    "item": "Surgical Gloves",
    "category": "Medical Supplies",
    "stock": 500,
    "reorderLevel": 100,
    "unit": "pairs"
  },
  {
    "id": "INV-1002",
    "item": "Face Masks",
    "category": "Medical Supplies",
    "stock": 1000,
    "reorderLevel": 200,
    "unit": "pieces"
  },
  {
    "id": "INV-1003",
    "item": "IV Drip Sets",
    "category": "Medical Equipment",
    "stock": 120,
    "reorderLevel": 50,
    "unit": "sets"
  },
  {
    "id": "INV-1004",
    "item": "Wheelchairs",
    "category": "Equipment",
    "stock": 15,
    "reorderLevel": 5,
    "unit": "units"
  },
  {
    "id": "INV-1005",
    "item": "Oxygen Cylinders",
    "category": "Equipment",
    "stock": 25,
    "reorderLevel": 10,
    "unit": "units"
  },
  {
    "id": "INV-1006",
    "item": "Syringes 5ml",
    "category": "Medical Supplies",
    "stock": 800,
    "reorderLevel": 200,
    "unit": "pieces"
  },
  {
    "id": "INV-1007",
    "item": "Hospital Beds",
    "category": "Furniture",
    "stock": 40,
    "reorderLevel": 10,
    "unit": "units"
  },
  {
    "id": "INV-1008",
    "item": "Stethoscopes",
    "category": "Medical Equipment",
    "stock": 30,
    "reorderLevel": 10,
    "unit": "units"
  },
  {
    "id": "INV-1009",
    "item": "Bandages",
    "category": "Medical Supplies",
    "stock": 600,
    "reorderLevel": 150,
    "unit": "rolls"
  },
  {
    "id": "INV-1010",
    "item": "Thermometers",
    "category": "Medical Equipment",
    "stock": 50,
    "reorderLevel": 15,
    "unit": "units"
  }
]
