[
  {
    "id": "MED-1001",
    "name": "Paracetamol 500mg",
    "category": "Pain Relief",
    "stock": 250,
    "price": 10,
    "expiry": "2026-05-12"
  },
  {
    "id": "MED-1002",
    "name": "Amoxicillin 250mg",
    "category": "Antibiotics",
    "stock": 180,
    "price": 25,
    "expiry": "2025-12-01"
  },
  {
    "id": "MED-1003",
    "name": "Ibuprofen 400mg",
    "category": "Pain Relief",
    "stock": 200,
    "price": 15,
    "expiry": "2026-01-20"
  },
  {
    "id": "MED-1004",
    "name": "Cough Syrup 100ml",
    "category": "Cold & Flu",
    "stock": 90,
    "price": 120,
    "expiry": "2025-11-10"
  },
  {
    "id": "MED-1005",
    "name": "Metformin 500mg",
    "category": "Diabetes",
    "stock": 150,
    "price": 30,
    "expiry": "2027-03-15"
  },
  {
    "id": "MED-1006",
    "name": "Lisinopril 10mg",
    "category": "Blood Pressure",
    "stock": 100,
    "price": 40,
    "expiry": "2026-09-05"
  },
  {
    "id": "MED-1007",
    "name": "Omeprazole 20mg",
    "category": "Acid Reflux",
    "stock": 120,
    "price": 35,
    "expiry": "2026-07-18"
  },
  {
    "id": "MED-1008",
    "name": "Vitamin C 1000mg",
    "category": "Supplements",
    "stock": 300,
    "price": 5,
    "expiry": "2027-01-01"
  },
  {
    "id": "MED-1009",
    "name": "Insulin Injection",
    "category": "Diabetes",
    "stock": 50,
    "price": 500,
    "expiry": "2025-10-30"
  },
  {
    "id": "MED-1010",
    "name": "Hydroxychloroquine 200mg",
    "category": "Antimalarial",
    "stock": 75,
    "price": 60,
    "expiry": "2026-02-25"
  }
]
