{
  "date": "2025-07-28",
  "summary": {
    "totalPatients": 120,
    "newPatients": 8,
    "appointmentsToday": 25,
    "discharged": 5,
    "totalDoctors": 15,
    "activeStaff": 12,
    "pendingBills": 12,
    "totalRevenue": 152000,
    "labTestsDone": 40
  },
  "topDepartments": [
    {
      "name": "General Medicine",
      "patientsSeen": 35,
      "revenue": 45000
    },
    {
      "name": "Pediatrics",
      "patientsSeen": 20,
      "revenue": 30000
    },
    {
      "name": "Orthopedics",
      "patientsSeen": 15,
      "revenue": 25000
    }
  ],
  "pendingLabTests": [
    {"testId": "LAB-2001", "patient": "Brian Onyango", "test": "Blood Test", "status": "Pending"},
    {"testId": "LAB-2002", "patient": "Mary Wanjiru", "test": "X-Ray", "status": "Pending"}
  ],
  "billingSummary": [
    {"invoiceId": "INV-1001", "patient": "John Otieno", "amount": 2500, "status": "Paid"},
    {"invoiceId": "INV-1002", "patient": "Jane Chebet", "amount": 3200, "status": "Pending"},
    {"invoiceId": "INV-1003", "patient": "Samuel Mutua", "amount": 1800, "status": "Paid"}
  ]
}
