{
  "rooms": [
    {
      "roomId": "RM-101",
      "type": "General Ward",
      "capacity": 20,
      "occupied": 15,
      "department": "General Medicine"
    },
    {
      "roomId": "RM-102",
      "type": "Private Room",
      "capacity": 1,
      "occupied": 1,
      "department": "VIP"
    },
    {
      "roomId": "RM-103",
      "type": "ICU",
      "capacity": 10,
      "occupied": 8,
      "department": "Critical Care"
    },
    {
      "roomId": "RM-104",
      "type": "Pediatrics Ward",
      "capacity": 15,
      "occupied": 12,
      "department": "Pediatrics"
    },
    {
      "roomId": "RM-105",
      "type": "Maternity Ward",
      "capacity": 12,
      "occupied": 10,
      "department": "Gynecology"
    },
    {
      "roomId": "RM-106",
      "type": "Surgery Room",
      "capacity": 2,
      "occupied": 1,
      "department": "Surgery"
    },
    {
      "roomId": "RM-107",
      "type": "Laboratory",
      "capacity": 5,
      "occupied": 3,
      "department": "Lab Tests"
    },
    {
      "roomId": "RM-108",
      "type": "Radiology Room",
      "capacity": 3,
      "occupied": 2,
      "department": "Radiology"
    },
    {
      "roomId": "RM-109",
      "type": "Dentistry Room",
      "capacity": 2,
      "occupied": 1,
      "department": "Dentistry"
    },
    {
      "roomId": "RM-110",
      "type": "Emergency Room",
      "capacity": 6,
      "occupied": 4,
      "department": "Emergency"
    }
  ],
  "departments": [
    {
      "deptId": "DEP-01",
      "name": "General Medicine",
      "head": "Dr. John Mwangi",
      "contact": "0712345678"
    },
    {
      "deptId": "DEP-02",
      "name": "Pediatrics",
      "head": "Dr. Mary Achieng",
      "contact": "0722333444"
    },
    {
      "deptId": "DEP-03",
      "name": "Surgery",
      "head": "Dr. Samuel Kiptoo",
      "contact": "0733111222"
    },
    {
      "deptId": "DEP-04",
      "name": "Gynecology",
      "head": "Dr. Lucy Wambui",
      "contact": "0711222333"
    },
    {
      "deptId": "DEP-05",
      "name": "Radiology",
      "head": "Dr. Peter Omondi",
      "contact": "0744555666"
    },
    {
      "deptId": "DEP-06",
      "name": "Dentistry",
      "head": "Dr. Anita Kendi",
      "contact": "0700998877"
    },
    {
      "deptId": "DEP-07",
      "name": "Critical Care",
      "head": "Dr. Kevin Otieno",
      "contact": "0722111333"
    },
    {
      "deptId": "DEP-08",
      "name": "Emergency",
      "head": "Dr. Sharon Akinyi",
      "contact": "0755000111"
    },
    {
      "deptId": "DEP-09",
      "name": "Lab Tests",
      "head": "Dr. Esther Njeri",
      "contact": "0799887766"
    },
    {
      "deptId": "DEP-10",
      "name": "VIP",
      "head": "Dr. Brian Mutua",
      "contact": "0777222333"
    }
  ]
}
